Unknown_Words,Closest_Match
returning,unreturning
sonia,sotnia
vihar,vihara
hrs,hers
fuck,yuck
hours,ours
arvindkejriwal,vindemial
penalised,penalize
bses,bases
suppy,supply
karol,karo
bagh,bargh
gaffar,zaffar
nahi,pahi
hai,hami
ive,wive
sanctioned,unsanctioned
ve,voe
charges,charge
months,month
mujhe,mutsje
liye,lye
nhi,ni
rahe,rathe
sb,sub
slots,sots
bta,bota
raha,rah
tak,teak
kaise,kaiser
le,ule
mcd,mucid
goswami,swami
appreciated,appreciate
connections,connection
floors,floor
updated,update
updates,update
supposes,suppose
installed,uninstalled
years,year
shuld,should
arrears,arrear
planning,panning
created,ocreated
has,hasp
sharing,shearing
screenshot,screet
app,yapp
happened,happen
areas,area
patti,upattic
bsesdelhi,bedel
cmodelhi,model
pmoindia,poind
hr,her
karawal,kraal
nagar,nagara
delhi,Adelphi
yamuna,amunam
raining,training
gets,get
requesting,requestion
extn,sexton
pls,plus
online,onliness
minutes,minute
everytime,overtime
channels,channel
powercuts,percuss
complaints,complaint
looks,look
channa,hanna
upsc,upsuck
services,service
students,student
hardwork,headwork
preparing,unpreparing
abhi,pahi
mera,metra
aya,yaya
aur,waur
hee,whee
ap,yap
logo,logos
ki,ski
bypl,byplay
pta,pita
bimari,bimarine
subha,subhead
bje,be
dusre,dure
kaam,aam
ghante,hantle
jaisi,raisin
itna,vita
jhut,jut
bolte,bolter
gokal,goal
awaiting,waiting
noone,noon
arun,arzun
kumar,kumhar
oficial,official
bills,brills
jumpher,jumper
damaged,damage
accounts,account
numbers,number
baarish,barish
hogye,hoyle
kya,kyat
kl,kyl
aayegi,aegis
kitni,kit
guys,guy
adjusted,unadjusted
malfunctioned,malfunction
readings,reading
april,aril
reported,unreported
steps,step
regards,regard
unnikrishnan,unnourishing
approached,unapproached
shared,sharded
gamri,gamori
payments,payment
stat,stoat
dm,dum
cuz,suz
contacted,contracted
ms,mas
babitas,barbitos
visited,visite
called,scalled
means,mean
malfunctioning,malfunction
whatsapp,whats
required,require
mantenence,maintenance
yvr,yr
chauhan,chulan
rhi,hi
shabha,shamba
gujran,uran
yaha,yahan
gayi,gay
hui,huia
digiye,dingily
started,stated
lights,light
earlier,wearier
mosquitoes,mosquitoey
mobil,mobile
ambika,gambia
heard,sheard
houses,house
looked,unlooked
details,detail
relates,relate
paid,spaid
requested,unrequested
uploaded,unloaded
attested,unattested
email,remail
ramesh,ramsch
koyi,koi
kisi,kainsi
tarah,taraph
liya,liniya
gaya,gayal
bcc,bucca
lg,lug
ltd,lated
numer,numero
rs,ras
revised,revise
abye,bye
bhai,bhangi
mai,mani
pura,purga
krunga,kurung
btao,tao
kha,khat
corrections,correction
takes,take
aaj,aa
aaygi,kanagi
atishiaap,antship
parties,paries
expenses,expense
thanku,thank
edmc,edemic
inspections,inspection
bapa,bap
hardhyan,hardpan
kw,w
sanc,sanct
thn,thon
saddened,unsaddened
emargency,emergency
receiving,unreceiving
rupesh,rush
sharma,shama
rama,trama
invited,invite
failed,unfailed
necassary,necessary
powercut,overcut
informing,uninforming
apx,apex
metres,metretes
polls,poll
wires,wire
mtr,motor
using,usings
smthing,smithing
hppn,hippen
arre,arrie
itni,titi
garmi,garum
kyu,yus
kaat,kanat
yaar,yar
vo,vow
bhi,hi
ghanto,ganton
aati,arati
isliye,isle
bharte,barter
heated,hearted
phatak,pataka
chawri,chawer
applying,unapplying
shows,show
jan,jean
ganesh,nesh
blocks,block
awaited,waisted
software,potware
kam,klam
vidyut,viduity
gurudwara,gurdwara
bala,beala
places,place
harassing,harassingly
installing,instealing
officers,officer
asap,sap
cuts,cutis
earliest,earlet
feb,fe
msg,misgo
replayed,replay
september,September
krishna,trishna
ghonda,honda
plzz,palazzi
aaya,papaya
babarpur,bhabar
custmer,customer
ph,poh
kara,karma
detay,dietary
gundakardi,unawkward
hye,hyne
refunded,unrefunded
deducted,undeducted
adding,wadding
daryaganj,karagan
connetion,connection
upply,supply
withinh,within
charged,charge
teased,tease
https,tuts
completed,complected
having,shaving
exams,exam
wifi,wifie
vinod,vino
reliancepowe,reliance
ashu,ashur
gupta,gutta
bhajanpura,janua
lacking,slacking
aamaadmiparty,gemmiparity
documents,document
needed,needled
tpddl,toddle
coordination,ordination
teams,team
gtb,tub
chor,ichor
india,indicia
mumbai,umbra
maujpur,mapau
kari,kauri
thi,this
ghanta,ganta
employees,employee
je,joe
realated,related
respected,unrespected
plz,plaza
yadav,yad
mills,mill
safderjung,salfern
replying,unreplying
submitted,unsubmitted
wrnog,wrung
bil,boil
setisfy,satisfy
kab,knab
milega,midleg
apruval,arval
karegi,regin
jayda,Mayda
samye,same
pl,pul
apni,ani
marji,marli
jhute,jute
garibo,gariba
bhej,benj
kar,kyar
rishwat,riksha
magte,mate
bhikh,bikh
mangana,manganate
adhikari,shikari
baat,banat
ke,uke
opened,unopened
weeks,week
requests,request
rajinder,rander
cancelled,uncancelled
fabricated,fabricate
manipulated,manipulate
pooja,pooa
arora,aurora
avdash,dash
pd,pud
pragya,praya
kis,kist
aap,atap
dekha,lekha
lline,line
arjesh,afresh
asked,masked
dgm,dogma
aftrr,after
cleared,uncleared
jhuripur,thuribuler
meters,melters
buses,buss
wonthe,wonted
bimla,bimalar
subthe,suther
strictest,strictness
thre,throe
johripur,jodhpurs
videos,video
photographs,photograph
passed,passe
bhagirath,haratch
karke,karaoke
khon,kon
chuste,chute
janta,anta
khor,kor
deparment,department
hindu,hind
jyaada,jangada
karte,kartel
organisation,organization
offline,offaling
gt,gut
soo,soso
wn,wyn
sabhapur,shauri
electrici,electric
ty,tyt
pm,pom
gokapuri,okapi
november,November
aapdelhi,samadhi
tweets,tweet
papers,paper
mentioned,unmentioned
approch,approach
pe,poe
chale,chalet
mazaak,maza
says,stays
hogi,shogi
rejected,rejecter
mayur,mayor
trilokpuri,triplopia
hows,howso
dues,duces
anarkali,antalkali
recieved,relieved
faliure,failure
balbir,bali
shahdara,subahdar
seems,seem
planned,unplanned
complt,complot
reconnecting,reconnection
dt,dot
located,locate
pictures,picture
ok,yok
responding,unresponding
appliances,appliance
bp,bop
sunita,unital
complaining,uncomplaining
generated,generate
itne,witney
deen,deben
hogaye,hoga
magar,agar
khilaf,khilat
kahi,kashi
samil,samiel
messaged,message
holi,tholi
bunches,buncher
internet,internment
cables,cable
subhash,subcash
naveen,veen
kirti,kiri
mandir,randir
ensured,ensure
deputed,depute
premises,premiss
cayagery,cagey
changed,change
cleard,clear
kondly,kindly
ud,wud
mavi,mavis
dayalpur,dayal
changing,hanging
prem,proem
immidatly,immediately
activities,adjectivitis
rampal,ramal
bhola,bola
nath,snath
naagr,navar
marg,marge
metro,mero
parshvanath,paragnath
chd,chid
refused,refuse
discontinued,discontinue
kia,okia
lia,lira
bheje,bejel
bhar,bhara
dia,diva
aata,waiata
sabse,sabe
hota,Lhota
acha,achar
gareeb,gree
haye,hayey
lagega,laggar
radhey,ahey
puri,piuri
reding,reeding
tracking,tracing
website,webster
jis,is
karna,kana
kardeneg,reneg
jayega,yerga
leta,Fleta
mantence,maintenance
reliancegroup,reliance
anilambani,calamansi
beriwali,biserial
sitaram,stram
bazar,bazaar
sharda,shard
jyoti,yot
loni,loanin
manish,meanish
dated,doated
http,hatt
rq,r
allready,already
filed,filled
declutter,clutter
poles,pole
twits,twit
neeraj,neer
customers,customer
hmari,marli
gli,goli
ek,lek
khmbe,humble
baki,bakli
khambon,ambon
inspectors,inspector
photos,photo
rights,right
barasht,bardash
depertment,deportment
amiro,Ramiro
suply,supply
names,name
aapki,napkin
kitne,kite
mahine,machine
gya,ya
jyada,yad
gye,gyve
ev,rev
nt,nut
gettin,getting
passd,pass
inspite,inspire
fulfilling,unfulfilling
formalities,foralite
shukla,shul
cmd,mud
lxmi,xi
ngr,nigre
fr,fur
bt,but
didint,didnt
manages,manage
issues,issue
laptop,atop
expecting,unexpecting
supplied,unsupplied
ashok,asok
kisine,sine
kiya,kiyas
ab,wab
toh,tosh
yeh,yeth
unnessesary,unnecessary
cercling,circling
harrasment,harassment
upload,uproad
patparganj,ptarmigan
saraswati,sarcastic
kunj,skun
pichle,pinochle
mukesh,mush
scheduled,schedule
outages,outage
happens,happen
reent,revent
seema,seem
malhotra,matra
dilshad,distad
kal,skal
galati,galactic
zyada,zad
chuke,huke
anand,ananda
parbat,parate
jams,jam
malba,mala
appointments,appointment
comming,coming
missed,unmissed
calls,callus
laxmi,lamin
reporting,reportingly
heigher,higher
authorities,unauthoritied
themself,themsel
mr,mor
arif,sarif
appointed,appointe
benefits,benefit
knoting,knotting
touts,tuts
tempering,untempering
knows,know
whu,whuz
inka,rinka
ed,zed
padni,panic
chahiye,chaise
amiruddin,amidin
excutive,executive
yrr,yirr
nand,nandu
nagri,naric
divion,division
electrity,electricity
sliping,slipping
hamare,hamate
desh,deash
khori,kori
goverment,government
neta,nenta
huwe,hue
gokalpuri,okapi
cn,con
sumit,sumpit
hats,whats
maine,marine
chori,choric
aapne,anapnea
marzi,mazic
laga,plaga
diya,Ediya
yehi,yeth
kahta,kaha
hu,phu
mujhse,muse
har,whar
aapka,waapa
lekar,lear
jata,jatha
looting,mooting
deposited,undeposited
repeating,retreating
answering,unanswering
payers,payer
pwd,wud
inr,inro
levied,unlevied
baad,batad
paa,pata
jimmedar,immedial
kaa,kava
excavated,excavate
allotted,unallotted
officials,official
conferences,conference
khud,khu
sikhate,skate
thik,think
ashoknagar,shargar
dda,adda
neighbors,neighbor
promised,promise
radhavihar,radiophare
mandoli,mandolin
served,serve
karne,kairine
aaegi,aegis
jaanch,ahaunch
degi,deg
jaach,ach
infrom,inform
castomer,customer
kaushik,kashi
seelampur,slamp
gandhi,sandhi
shanti,Ashanti
niketan,netman
mahino,machin
illigal,milligal
bina,binna
rti,ti
db,dub
mins,minus
radhe,trade
shyam,sham
cases,cass
gd,gud
ahmedabad,ahead
metre,mete
gujarat,guara
vij,vijao
problems,problem
imform,rimiform
etc,etch
vide,video
oclnr,ocular
enf,en
noc,nock
req,re
askon,wakon
whattap,wattape
yesi,yes
dekho,dekko
encroached,unencroached
rajgarh,rajah
satsang,satang
including,inconcluding
mamala,amala
karmachaari,aracari
khane,khan
metar,mettar
awedan,wedana
nirast,nast
kr,kra
churiwalan,curial
hamara,wamara
bijli,bilio
gaye,gay
jabki,jabia
bcz,coz
dass,dassy
balaji,balai
rasoi,prasoid
resturant,restaurant
strings,string
addbhola,abolla
thankyou,thank
rahi,rah
lalita,balita
followed,unfollowed
procedures,procedure
sharada,sparada
addressal,address
sangyaan,shangan
len,lien
adj,hadj
amita,amrita
pleased,please
restored,restore
mv,v
ther,toher
deependra,depender
noniyal,nonyl
database,catabases
bothering,unbothering
accepting,acception
estimated,estimate
shakarpur,sharper
naiwalan,narwhalian
saare,sare
boxes,boxer
guche,gauche
lage,plage
karn,kan
jhuk,junk
kark,knark
karwaye,karwar
nore,snore
continuing,continuingly
chimni,chinin
rao,urao
bg,bug
ballimaran,ballan
chandni,chandi
info,inform
threatning,threatening
tyoe,yoe
reinstalling,reinstall
aadil,avail
rehman,reman
bhuwan,bulwand
juneja,june
mannybar,manny
pichhale,pitchhole
karmchaari,armchair
trka,tra
formultis,formulist
nahin,nain
acharya,chaya
helpline,whelpling
approved,approve
raho,rho
showers,shower
ziauddin,audion
mustafabad,statfarad
vidhan,vindhyan
sabha,stambha
mukund,mund
nager,onager
manda,mandua
aare,aware
satat,satiate
jon,join
kahan,khan
raat,rabat
bc,bac
gayab,guayabo
krte,kirtle
friday,friary
sms,smush
nbr,unbar
consumers,consumer
paach,panache
trans,transom
farmar,farmyard
kitna,kina
tata,tatta
powers,power
highmast,highmost
pulia,puli
bharti,hartin
approx,pappox
contacts,contact
picking,pricking
revocate,evocate
kun,skun
prblm,problem
outs,out
allowing,tallowing
verified,unverified
escalated,escalate
quickest,quickset
delayed,undelayed
elcv,velic
plm,plum
functioning,overfunctioning
jamadar,jemadar
pahari,Pahari
dhiraj,daira
caused,camused
repaired,unrepaired
talks,talk
maintainance,maintenance
paharganj,pargana
ramniwas,ramanas
ramazan,Aramaean
neglecting,neglectingly
duties,dutied
contractors,contractor
cvo,cravo
residing,siding
munesh,unmesh
kamla,kamala
emploies,employless
maked,masked
hasrasment,harassment
favour,flavour
preet,preset
govind,groined
nd,nod
suggested,unsuggested
persons,person
inconveniences,inconvenience
chutiye,cutie
banaya,banya
nai,ngai
ayi,ayin
callin,calling
caa,chaa
cm,cwm
lig,ling
flats,flatus
prasad,rasa
dayanand,dhyana
mandawali,mandala
kuch,kutcha
karra,sarra
drips,drip
promises,promise
damnit,damn
discussed,undiscussed
fastly,fatly
increased,increase
ajaymahawarbjp,jayhawker
adress,adpress
kartar,katar
pusta,sputa
chg,chug
reqno,requin
cycles,cycle
kids,skid
schools,school
docs,dos
merged,merge
pdf,pud
february,February
mro,moro
mb,mob
vy,ivy
pr,pyr
samay,sinamay
ankur,anury
nopower,nonpower
bairegeting,pargeting
honble,hobble
plse,pulse
rajesh,Rajesh
gaurav,garava
matlab,mala
shamil,shamir
islia,ilia
seelamapur,seamark
badi,bandi
machino,machin
hua,hura
panchwati,panchway
purchased,purchase
baithe,bathe
ghar,gar
jakar,jalkar
paiso,piso
ughai,ghazi
pareshan,Marehan
paise,praise
milne,milner
unki,unkin
zabardasti,czardas
dete,deter
messages,message
explained,unexplained
verifying,terrifying
replies,replier
kapil,kail
jwala,jalap
belongs,belong
agents,agent
heay,heavy
performing,unperforming
recovry,recovery
ladke,lake
ilake,inlake
jate,ate
mangte,mange
sarver,starver
mohalle,molle
rahta,rata
kripiya,ripa
uchit,tuchit
karwai,karwar
kare,are
batashan,bataan
khari,khatri
baoli,bali
reorganise,reorganize
mishappening,mishappen
waited,waisted
circulated,circulate
anydesk,Ganymedes
delhipolice,epipolic
hmoindia,honda
allowed,hallowed
govt,got
cctv,coactive
cameras,camera
thatwe,thawer
attaching,watching
winters,winter
devices,device
solved,solvend
lagta,lata
sr,sur
shops,shop
effecting,affecting
beadonpura,endopleura
words,word
mansarover,mangrove
kv,v
laxminagar,laminar
bengali,bengaline
sinch,skinch
rakha,rakh
angad,tanglad
bagga,baga
associates,associate
amarjiwan,amarin
aapkagopalrai,salpingopalatine
vishwas,visa
shahadra,shahzada
kiryavahi,avahi
pmo,po
cmo,mo
camplant,compliant
daal,dayal
likh,lith
ja,jay
hun,whun
dekhte,deter
upar,upbar
hadh,hah
residents,resident
actions,action
mlamohansinghbisht,mammonitish
guyz,guz
majak,manjak
bana,banya
apne,apnea
karliya,kalipaya
firse,fise
responded,responde
shikayato,shikara
gambhirta,gambit
lenge,elenge
ina,vina
quikpay,quirky
satus,status
frud,fraud
beed,breed
debited,debit
hii,heii
mene,mesne
applications,application
sunai,tsunami
tk,tck
besis,besides
bhupendra,upend
atr,natr
subh,subah
kb,kob
paas,patas
lagi,langi
aag,waag
varun,vaunt
shadipur,shadbird
powe,power
rohit,roit
namaskar,askar
krne,krone
fayeda,frayed
localty,locality
ji,uji
preshan,presharpen
karege,karree
walay,waylay
chakkar,chakar
fayada,faraday
karwao,karwar
thursday,Thursday
isjust,misadjust
anyupdate,update
buplicate,duplicate
talked,stalked
rcvd,ruvid
galat,galant
karan,kran
bata,beata
cancle,caruncle
shikayat,shikara
prtadit,preadmit
detehin,deathin
dekhen,depthen
congratulations,congratulation
citizens,citizen
mdi,mi
deducting,deduction
santiontined,santonin
writtern,writter
leads,lead
finacial,financial
santioned,satined
eariest,nearest
chettanya,chetty
bhardwaj,bhara
issu,issue
reffer,reoffer
ncan,Incan
crn,curn
moto,motto
systrm,system
dss,doss
mett,met
sandhu,sadhu
respoding,unresponding
apna,apnea
aram,param
pleas,please
somthing,something
centre,centare
ppl,pupil
hv,v
tilted,stilted
uske,use
aaye,aye
unhone,unhoned
rishvat,riksha
maang,marang
unhe,unhex
mna,myna
kirpya,skirp
krke,skrike
iska,visa
nikale,nickle
vrna,varna
platforms,platform
nm,nim
leke,lek
images,impages
fyi,fi
cannection,annection
apke,ape
deficiencies,deficience
aai,ai
tabi,tabid
ashoka,asoka
chowgule,cowle
piller,spiller
pehle,phyle
karywahi,karwar
everday,everyday
badti,batik
jhukh,huh
aane,awane
jaane,jane
satish,slatish
karti,karstic
unmute,unmuted
mic,mico
haal,hamal
wawe,waw
phir,pir
roj,wro
njare,snare
dekhne,dene
milenge,mileage
haqiqat,habitat
chote,choate
hata,whata
ker,sker
taki,takin
dukandaro,danda
preshani,preship
hoo,whoo
enhaced,enhanced
karoon,kroon
phele,hele
chuka,chukar
karon,karyon
lagane,lagan
opted,adopted
acknowledgement,knowledgement
operatring,operating
kishore,inshore
busiest,buist
rohtak,rota
baje,bae
baj,ba
santoshjanak,lanthana
linemen,lineament
exploiting,exploring
krpya,pya
initiating,initiation
infact,infract
pandav,panda
nbt,unbit
co,cro
nection,invection
existing,unexisting
rejecting,rejectingly
tweeted,tweeter
rew,grew
attachments,attachment
metere,meter
dameged,ameed
constructed,unconstructed
repairing,despairing
escalation,scalation
helllo,hello
neelam,neem
aggarwal,agarwal
sadar,sadr
ihad,jihad
bm,bum
esi,desi
jhilmil,hill
pics,pic
seriua,serial
jn,n
authorised,authorized
reportin,reportion
wants,want
rrjected,corrected
vasundhara,Vasundhara
bhagwan,chawan
mahavir,mahar
rk,irk
balajirasoi,balatronic
ctc,octic
madhur,maduro
staying,saying
krana,kerana
baljeet,baylet
loans,loan
units,unit
things,thing
vasundhra,Vasundhara
rajdhani,raphania
digged,undigged
vehicles,vehicle
puneet,unmeet
senger,losenger
utilised,utilize
chj,chaja
upi,Tupi
trees,tree
greetings,greeting
pahar,paha
ganj,ganja
longggg,long
chuna,chunga
mandi,mandil
brij,buri
bhushan,bushland
banke,banket
behari,mehari
deleted,delete
treet,trevet
appartment,apartment
engineers,engineer
coordinate,ordinate
oberoishelly,operosely
sanjayazadsln,sannyasin
soniya,sotnia
processed,unprocessed
copies,copis
karaval,kraal
rohtash,rehash
shahdra,shadrach
resumed,resume
pulkit,pulpit
jain,japing
occured,occur
escalating,scalation
humans,human
noticed,notice
bseslineman,lineman
operators,operator
roles,role
replaying,repaying
recieve,reachieve
transfarmar,transformator
lge,luge
plg,plug
arvind,Marvin
kejariwal,rearisal
dhuyan,dhyana
kejriwal,serial
ghr,guhr
lga,alga
jb,job
sara,usara
bol,obol
aao,aa
kijiye,kieye
disrupted,undisrupted
bilkul,bill
meri,merit
dijiye,dixie
chaiye,chaise
contains,contain
saturday,Saturday
karay,karaya
aayi,ayin
drame,dramme
includes,incudes
shifted,sifted
oay,oaty
wtf,wut
rha,rhea
rechecked,recheck
dates,date
okay,tokay
causes,cause
casualties,casualist
asking,gasking
csll,sull
haras,harass
hiii,iiwi
ramadan,ramada
frustrating,frustration
phn,phon
declining,undeclining
electrictiy,electricity
attachmaent,attachment
dcpneastdelhi,peaselike
essencial,essential
thanking,unthanking
alerts,alert
sandeep,sandpeep
xyz,yez
bhaskar,askar
multani,Multani
dhanda,danda
pahunchi,paunch
kayee,payee
amps,wampus
staaf,taraf
dwaara,wamara
bhejtey,hetaery
rehe,rethe
jwaab,jawab
haar,hazard
puchaa,chaa
khaa,khaja
dipak,dispark
samant,saman
jese,jester
unho,unhot
iqbal,iba
ashwani,sasani
saari,safari
maal,maral
pahunch,paunch
gyaa,yaya
gyee,yee
khel,kechel
pahunchaa,panchama
aataa,taa
dwara,dwarf
koyee,yee
pareshaani,parabanic
huee,hue
binaa,bisnaga
kyo,kayo
kee,skee
nivedan,vedana
kaarwahi,kakawahie
honee,hone
rwa,wa
sushil,slushily
oder,order
bs,bus
prb,prob
electeiciru,electicism
registred,registered
govermenr,government
explaint,explant
iam,imam
mom,momo
ltgovdelhi,loveling
atleast,least
dallu,dally
bhejdo,bedot
shakuntala,santal
devi,devil
thru,thruv
thankingyou,unthanking
transfarmer,transformer
manybar,panyar
sangyan,shangan
outsourcing,outscouring
karmchaariyon,archarios
karwaya,karaya
dwab,wab
bechare,bechase
kuchh,kutcha
sakte,sate
pds,pudsy
karwa,karwar
sanju,sajou
ghur,gur
krao,kra
arey,ary
apr,aper
kre,kore
kafi,kafiz
der,dyer
ayegi,aegis
hel,herl
anubhav,anba
hlo,halo
devision,revision
waived,waved
upto,upo
suraj,sura
aman,zaman
motors,motor
nasa,nasal
pissed,pissabed
yash,yas
wajh,wah
bhot,hot
dikkat,ikat
isko,iso
rehte,retie
khatra,khatri
rehta,retia
tahirpur,tarpum
adhaar,adhaka
updating,dating
creating,uncreating
yumuna,munga
tv,tav
chl,chol
batayga,bantayan
shsre,shure
kate,skate
dur,duro
gai,ngai
balki,balk
namaste,unmaster
shri,shrip
bsf,bus
dalne,dale
gaddhon,gladdon
jiske,wisket
ine,wine
pani,panic
machhar,machar
paida,spaid
kno,know
gangotri,angiotribe
revoked,revoke
caring,carving
facilities,facilitative
resolving,unresolving
apki,napkin
tarf,tharf
bataya,bantayan
raju,raj
krdiya,riyal
banane,banyan
executives,executive
misbehaving,misbehavior
demanded,undemanded
padh,pah
hardcopy,hardy
arrived,arrive
sales,scales
vedio,vedro
provides,provide
registering,roistering
nidhi,nidi
sinha,sinh
radha,rada
concluded,conclude
proceedings,proceeding
meetings,meeting
surrendered,unsurrendered
hari,harbi
kishan,kishon
drm,drum
records,record
presented,unpresented
aforementioned,forementioned
claims,claim
remained,remainer
held,sheld
follows,follow
acknowledgment,unacknowledgment
enclosing,eclosion
angar,sangar
swaroop,swoop
questioning,unquestioning
conducting,conducing
crashing,rashing
gautam,gaut
january,annuary
delhipwd,didelphid
narwana,sarwan
patpadganj,postpagan
stones,stone
constructe,constructer
cleaned,uncleaned
reasons,reason
techniccally,technically
fesible,feasible
panchal,paschal
notbhaving,nothing
asaf,ashraf
ali,yali
stands,stand
bothered,unbothered
sins,sinus
typing,tying
kishor,kishon
gtr,gotra
nealry,neatly
humari,humeri
maintained,unmaintained
domastic,dokimastic
benifit,benefit
prayag,praya
unupdated,undated
errors,error
kharab,kharua
uski,ski
sunday,surnay
chek,cheki
expected,unexpected
drugs,drug
fridge,ridge
moved,move
lgate,ligate
coustomer,customer
sunte,sunt
hona,honda
kalyanpuri,allanturic
coventure,coadventure
narendramodi,Narendra
incometaxindia,oinomania
rashtrapatibhvn,castration
otp,yot
addressed,unaddressed
latak,lata
checking,chucking
punjab,puna
mei,meio
uska,tuskar
bacche,bache
macchharo,machar
aatank,apatan
jas,jass
aapko,ako
hote,shote
vese,verse
pkwer,puker
arya,Carya
persists,persist
jagatpuri,jagat
unnessasary,unnecessary
lies,plies
replaced,replace
treated,teated
approving,unapproving
mtnl,matinal
mtnlofficial,unofficial
mtnldelhi,mandelic
thanx,than
hardayal,arrayal
glitch,litch
october,October
delhicomplaint,recomplaint
gautamgambhir,Outagami
officialdmrc,officialdom
mis,mist
contacting,counteracting
im,wim
neighbour,neighbor
anytime,haytime
turkman,turfman
batti,blatti
canceled,chanceled
solving,soiling
zaidi,abidi
zahid,aphid
ahmad,ahmadi
kashmere,cashmere
trilok,trillo
vidhyarthi,dysarthric
dugged,rugged
letting,lettering
jamm,jammy
kanhiya,baniya
plese,please
odar,oda
dimand,imband
intervals,interval
ymuna,munga
shaheen,sheen
afroz,froze
pratap,pratal
denied,undenied
uninstall,uninstalled
kwn,kwan
cano,canto
equipments,equipment
rajiv,Rajiv
replied,unreplied
fluctuating,unfluctuating
rajeev,Rajeev
questions,question
mandoly,mandola
wh,why
thnk,think
clicked,clocked
flactuate,fluctuate
challan,hallan
occurs,occur
bcoz,coz
frustrated,frustrate
cas,cast
escalations,scalation
ups,upas
graphed,graped
deemed,undeemed
url,ural
dins,dinus
amounting,mounting
dooma,doom
jana,janua
compalsary,compulsatory
hy,why
ritika,rita
garhi,garth
mendu,menu
orders,order
harrassed,arrased
sdm,sedum
youhave,youve
rules,rule
intentions,intention
ashutosh,stosh
iind,inwind
properties,propertied
energisation,enregistration
enclosed,enclose
tagging,tugging
gopal,opal
inlegally,unlegally
netaji,neti
kinare,kintar
dala,dalar
jisse,wisse
seva,sheva
sadan,sandan
af,oaf
tarang,tauranga
apartments,apartment
societies,societist
ip,zip
fans,fains
levels,level
culprits,culprit
enhancment,enhancement
requeat,request
bhaai,bhava
jaa,jara
dikkt,dit
aarhi,avahi
dekh,desk
chuki,chunk
muje,mutsje
baata,balata
unchepar,unheart
creates,create
milan,mila
yahi,yah
issuehai,issue
breathinf,breathing
khagamhouga,agamous
nirman,firman
gaon,gazon
counted,uncounted
karigar,karwar
bijali,bija
daftar,datary
vahan,varahan
dhyan,dhyana
sakta,satan
pkt,upknit
rosd,rosed
legi,legit
insalled,uninstalled
gulishta,gullish
parvat,parate
elake,lake
mcddelhi,didelphid
saifuddin,studding
youi,you
reverts,revert
connecting,connection
responce,response
birefication,reification
unfavourable,unfavorable
circumstances,circumstance
anuj,anus
ghntey,gahnite
kaarvayi,kakarali
dharmender,chairmender
khanna,hanna
hdfc,rhodic
electorcity,electricity
payal,pyal
mahajan,maharani
gm,gym
khureji,kuei
khas,khass
noora,norma
contacg,contact
regretted,unregretted
worng,worn
karwal,karwar
stoped,stopped
kese,ketose
konsa,kona
tf,turf
thal,ethal
helo,ohelo
knw,know
ajj,ajaja
geeta,geta
krn,kran
malda,mala
airtel,artel
xtream,stream
fibre,fire
xelhi,Delhi
shocked,unshocked
bawari,bawarchi
reduces,reduce
mnts,mantis
electricty,electricity
isnot,snot
became,bename
scamming,shamming
vikas,vis
airconditioners,conditioner
paryatan,partan
recorded,unrecorded
fluctuations,fluctuation
dips,dimps
proprty,property
prooty,rooty
akhikesh,sakieh
tryung,trying
aproach,approach
ebill,rebill
watsapp,watap
jai,jati
prakash,Prakash
kardam,karamu
faram,farm
gyi,gyri
kucha,kutcha
lal,leal
troubled,trouble
dena,denda
teliwara,tiara
experiencing,experience
durgapuri,urari
gandi,nandi
wajah,wawah
soye,sye
hamari,chamar
karega,karela
conditions,condition
nopowersupply,oversupply
download,downland
losses,lossless
akshat,shat
gadodia,gaddi
complained,uncomplained
chains,chais
vandana,avadana
comunicated,communicate
aply,yaply
kyi,kiyi
saal,salal
makan,markman
karya,karaya
signup,signum
kondli,sondeli
getring,getting
mandawli,mandala
pgms,sphygmus
consunred,tonsured
airconditioner,conditioner
stablisers,establisher
areaa,area
nps,snaps
pratapnagar,tanager
prompting,romping
khasra,kharua
usse,use
iski,ski
karaye,karaya
dusra,dura
aapse,apse
anurodh,neuroid
samadhan,samadh
jaye,jay
jiski,ski
deatils,datil
kripa,ripa
karen,paren
collapsing,lapsing
timeline,timeliine
jaaye,jay
kharch,karch
karta,kwarta
mitar,titar
lawana,lawman
aashok,asok
everynight,overnight
whatss,whats
complant,compliant
sussidy,subsidy
limits,limit
newspape,newspaper
manju,manus
deppt,epopt
currupt,corrupt
unauthorised,unauthorized
constructions,construction
shankar,shanker
encourages,encourage
holds,hold
gambhir,gambier
mp,ump
unwrkg,unwork
blk,bulk
dr,dry
sahil,sail
sep,swep
consumed,consume
grandparents,grandparent
certificates,certificate
uncles,uncle
successors,successor
issued,tissued
nocs,nous
harassed,unharassed
hanged,hange
ishaan,shatan
tyagi,yagi
witnessed,unwitnessed
monday,moundy
iii,iiwi
nos,nous
summers,summer
shet,sheth
moni,mon
brhampuri,thamuria
markets,market
jhandewalan,chandala
varma,vara
makhan,makhzan
vaishno,vanish
lekin,pekin
javab,jawab
shivaji,siva
nehru,nether
hmr,humor
lait,slait
rakhi,raki
yh,yuh
karkardooma,darkroom
wanted,waned
fricking,tricking
kitani,Pakistani
honi,dhoni
metrs,metrist
ft,oft
gf,gif
ff,off
lanter,planter
karib,kauri
chalo,chalon
maan,macan
lagege,lagger
localities,calvities
others,other
vishal,visual
offices,office
uthenge,Ruthene
pleasse,please
shahadara,shahzada
components,component
unservisable,unservable
tukhmirpur,tururi
choudhary,hordary
futa,futwa
budh,bud
alag,lag
kamal,kambal
gates,gate
cse,cise
rajendra,Rajendra
rajasthan,Rajasthani
ac,zac
genrate,generate
reson,reason
pawor,pawnor
sadat,adat
extention,externation
attended,unattended
vijay,vijao
garhwali,Garhwali
mohalla,mehalla
baljit,balita
opting,voting
gokul,jokul
noida,noria
hiw,hi
ekectricity,electricity
apka,apa
iss,wiss
sudhar,sudary
jrurt,jurat
rukhsana,ruana
arguing,unarguing
uss,wuss
karni,arni
wala,ala
aisa,paisa
sahab,shab
cares,caries
howcome,owercome
instaled,unstaled
purposes,purpose
efforts,effort
visits,visit
satyendra,stend
goyal,goal
timeframe,reframe
initiated,initiate
prolonged,prolonge
delays,delay
addressing,dressing
plans,plan
corect,correct
adhar,adharma
reffernce,reference
nx,nix
gurudawara,gurdwara
temperatures,temperature
wating,wasting
tmp,tymp
satesh,sate
paymemt,payment
uest,quest
sonu,sou
recommendations,recommendation
showed,unshowed
attachmen,attachment
nill,nil
mazak,maza
chali,chal
uper,upper
maad,mad
denga,dreng
chand,chandu
khatam,khat
gaean,gean
jayada,jangada
jaldi,aldim
ghane,gane
rhna,rohuna
muskul,musk
minut,minute
beete,beetle
khuch,hutch
dino,dingo
samasya,samara
behad,behead
bhisan,hisn
jujh,juju
ambedkar,amber
backups,backup
fornt,forint
pincode,pinacone
roz,rozum
bhagane,boagane
aaram,anagram
bekar,bear
aesi,aes
compent,component
ragiter,rhagite
complent,compliment
costomer,customer
arhi,arshin
complene,complete
aesa,aes
kesa,kea
bachhe,bache
phonepesupport,prosupport
chng,ching
nasir,nasi
mohd,mothed
nesssary,necessary
mahalaxmi,thalami
children,childe
elders,elder
jayveer,javer
biharipur,binarium
callcenter,challenger
chander,chandler
noelectricity,electricity
bhaage,havage
dheere,adhere
khtm,khot
saale,sale
macchar,machar
taak,tanak
chuppe,cupper
piii,pipiri
piiii,piripiri
horhi,houri
bh,bah
katora,tora
observed,observe
saboli,soli
arambagh,Karabagh
effected,uneffected
kiye,kieye
bna,buna
rkha,riksha
haalat,halt
rkhi,rukh
jaati,jati
suchana,speuchan
agendas,agenda
fulfilled,unfulfilled
youtube,uptube
anjam,anam
isi,sisi
retweet,tweet
prashasan,rakshasa
ifc,if
gazipur,gazi
bheeshan,sheepshank
bhagirathi,hagiographic
cyt,scyt
vastav,vast
kastdayi,astay
madhu,madhuca
continues,continue
oclcok,oclock
minimums,minimus
ypl,yaply
icici,ictic
claiming,unclaiming
emailed,mailed
recvd,received
infront,bifront
kanti,anti
loops,loop
bhrastachar,bhaiachari
eco,echo
nasim,nasi
responsfull,reposefully
sirf,sir
milte,milter
agcr,agre
acp,acapu
cyber,cuber
kotwali,kotwal
darayaganj,karagan
users,user
kyon,yon
manoj,mano
karkari,karri
fixtures,fixture
badhao,baho
tumhe,tume
btayenge,bange
bsea,sea
batha,bath
aprox,proxy
looteribses,lootie
loc,loco
activated,activate
rainey,raviney
ii,oii
bolna,bola
padega,pega
mrng,morong
ofc,of
machro,macro
katwata,kwarta
granted,ungranted
banwana,banana
pereshan,prefreshman
ambani,amban
harrass,harass
kalyan,kalian
jalebi,halebi
mayfair,Mayfair
opp,ropp
timea,time
wb,wob
peper,pepper
nav,navy
adarsh,dash
rains,brains
kabir,abir
rns,turns
altognamaskar,palatonasal
gopala,opal
rajindra,raindrop
accidents,accident
gadgets,gadget
derc,deric
dept,depth
earthing,earthling
joginder,joinder
ravikant,ravissant
addhar,adda
ro,wro
hudsonlane,hudsonite
studies,studier
anjali,anal
disconnecting,disconnection
uses,use
tks,turkis
pissing,Nipissing
situations,situation
ceo,cero
barua,baru
stairs,stair
anuvrt,snurt
patt,patty
released,release
bacha,bach
exqutive,exudative
usne,usnea
reminding,remindingly
pipelines,pipeline
households,household
lagbhag,agha
lok,louk
durga,durgan
actio,action
becuse,becurse
sufering,suffering
electiricity,electricity
yha,ya
kyuki,kukui
smtp,sump
rawest,awest
ee,zee
charan,characin
singj,sing
dipartment,dispartment
verry,very
samajh,samaj
kaun,katun
batane,butane
kasht,kashi
iske,wisket
hno,no
dono,donor
purna,purana
naya,nay
uploading,loading
facilty,facility
prder,prudery
homes,home
khamba,shamba
chalega,changa
ambica,iambic
nihal,nival
foxed,foxer
rised,raised
braking,breaking
ivr,wiver
ths,thus
extrm,extreme
nyt,yot
frm,from
ndmc,endemic
pwr,power
btr,butyr
shld,sheld
kva,kiva
ruiwali,rupial
bundey,bundy
giri,girlie
bahana,bahan
jao,jato
seniors,senior
july,justly
reduse,reuse
installs,install
behaves,behave
aapbabarpur,anapanapa
kamaljeet,tamale
mukhutyswarup,muktar
ajeet,jet
prooerly,properly
fees,feces
abusing,causing
lm,olm
compiled,compile
tubelight,belight
named,name
reinspected,reinspect
captured,capture
electrcity,electricity
yammna,amma
dramam,dramm
played,splayed
punished,unpunished
cont,count
bankhandi,backhand
manualy,manually
reverting,unreverting
ghnte,gahnite
bete,betel
differences,difference
resoration,restoration
joshicolony,colony
faiz,friz
bhaiya,baniya
incurred,inured
putting,pouting
jeetbandhan,tandan
seemed,semeed
annoyed,unannoyed
restoring,restring
bsesyamuna,sesma
starts,starets
krna,krona
djb,job
brijpuri,triurid
cutt,cutty
yammuna,amunam
lctn,lection
conction,coction
eclecticity,electricity
puste,pustule
ncr,nacry
beouse,bedouse
sunne,sunn
milti,milt
evn,even
piche,pinche
streetlight,streetlet
tightened,tightener
screws,screw
sweets,sweet
gnit,nit
subji,suji
surprised,surprise
elec,elect
alloted,tallote
prson,prison
wl,owl
lanes,lances
darya,dryas
yrh,yr
ignored,ignore
edm,em
concerns,concern
chandani,chandi
kabtak,kaitaka
knocked,unknocked
escaped,escape
kyun,kyaung
pareshaan,Marehan
rehne,reshine
deewar,deer
karant,karate
ane,wane
dnt,dunt
hve,hove
occupied,unoccupied
majnu,manus
tilla,till
upadhyay,payday
playing,plying
emergencytechnical,pretechnical
labours,labour
chating,cheating
yhey,hey
vslid,slid
submitting,unsubmitting
sewa,shewa
adv,ad
mohit,moit
grmi,germin
pas,upas
sarvice,service
clarified,unclarified
mentioning,meninting
penalized,penalize
wrkg,wrig
nktn,nekton
vhr,vihara
rbl,ruble
bikaner,bilander
pwddelhi,didelphid
huya,hura
programmed,programmer
explaination,explanation
anser,answer
rupees,rupee
disrupting,disruption
kiyo,iyo
requirements,requirement
gst,gust
objections,objection
bataiye,boatie
assurances,assurance
behaiver,beshiver
roodly,rootedly
batamiz,bantamize
moments,moment
dallupura,dhaura
roopram,kromogram
unis,funis
jisme,disme
garmia,gariba
vipul,pul
maggo,maggot
darknes,darkness
mantola,mandola
ihave,have
addresses,addresser
everymonth,vermouth
heplline,helicline
corrcect,correct
deinied,defined
meea,melena
nce,once
applicants,applicant
pcs,specs
streetlights,starlights
cgrfbypl,carbyl
providers,provider
incompetentpoliticians,metapolitician
aj,taj
ibalso,also
circles,circle
hamaare,hamate
kumari,kumhar
peekay,peek
kripya,ripa
btane,butane
kasth,kath
krenge,kreng
mnth,month
kum,kulm
ata,rata
bdh,bodhi
zyda,zyga
sath,swath
bdha,dha
cmg,mug
rahul,rashful
gps,gyps
servics,sterics
demad,dermad
contct,contect
samas,tamas
raod,rod
jeet,jet
rasing,rasping
guiding,guising
username,undername
mansarovar,samovar
divison,division
ones,nones
ext,vext
shani,shan
ratan,rattan
kaseru,kasher
walan,alan
women,omen
hime,chime
rojana,yojana
eski,ski
sikayat,skat
aapke,awake
chupa,chupak
farak,yarak
padta,pata
espar,spar
sahi,spahi
karao,kareao
idhar,Sridhar
manipur,manipular
dimag,imago
kati,kat
sharm,sham
bech,bench
agle,eagle
chunav,chunga
dikhae,dikage
jaengi,tangi
aukat,Bukat
mishra,misura
humne,humane
naye,nye
andhere,adhere
equipped,equiped
ashish,hashish
nov,nova
families,familist
karway,karwar
cf,f
arw,arow
everydays,everyday
calculations,calculation
seconds,second
timings,timing
continuos,continuous
rd,urd
usmanpur,sandspur
piyushgoyaloffc,
isme,disme
lagwaye,logway
birjees,bireme
katra,katurai
budhan,dhan
rai,rani
tuesday,Tuesday
inches,riches
narender,render
mittal,remittal
advertised,advertise
rec,rect
registery,registry
instruments,instrument
respon,respond
chhajjupur,cajuput
ranjeet,trajet
garima,gariba
aruna,alruna
tym,tymp
krlo,krelos
dalte,date
jaegi,jagir
mtlb,motel
jaan,japan
modi,moudie
krva,kra
bhayankar,bhandar
upr,ur
zindagi,zamindari
aage,adage
badho,baho
duniya,duny
bohot,boot
shitty,slitty
mints,mint
fromb,from
akhil,vakil
abused,abuse
tere,twere
khada,khanda
thodi,tholi
rahunga,arapunga
deta,detax
judwata,diwata
rahiyo,rhino
warna,warn
karde,kande
keeps,keep
mcb,mob
fhir,fir
jokes,joke
quries,quiles
alls,all
fools,fool
published,unpublished
tirpal,tropal
thekedar,theeker
jewellers,jewelless
peoples,people
padhnge,padge
krhe,rhe
dms,dooms
bada,banda
num,snum
beena,bena
khajuri,khajur
khajoori,haori
johri,joshi
hoyr,hoy
powercults,powerful
padhaai,pradhana
tumhare,tulare
impacting,impaction
prabhat,rabat
yrs,yr
continously,continuously
otherswise,otherwise
tereko,terek
sundar,sundari
gallary,gallantry
kabool,bool
commercialmeter,commerciable
jawahar,Jwahar
dhawan,chawan
kuldeepkumaraap,
veena,veen
paytm,playtime
umar,Cumar
farooque,baroque
pankaj,pank
kane,kaneh
mjh,mho
milta,milt
confusing,confusingly
newberry,oneberry
ministryofpower,ministrer
karu,karou
bi,ubi
unknowledged,unacknowledged
kabhi,kashi
hmesha,Shesha
servor,servo
wjh,why
sharam,shram
ati,zati
muft,mufty
khate,khat
sabko,shako
lekr,lek
jaunga,jaun
samne,sane
lakin,laking
khodne,hone
thikh,think
kirpaya,kalipaya
isse,wisse
pareshani,preship
isper,risper
mitter,omitter
parmil,armil
continewsally,continentally
ofjuly,souly
mahal,mashal
lr,lar
undertaiking,undertaking
plase,please
ravi,ravin
reached,unreached
otherside,overside
ib,tib
jatwara,satara
tiraha,taiaha
behram,becram
hands,hand
gloves,glove
runners,runner
anaj,ana
filmistan,filmist
jhansi,sansi
atmaram,ramarama
chamelian,camelman
factories,factorize
colludes,collude
conducted,unconducted
rinfraofficial,inofficial
cofirm,confirm
azad,zad
jabab,jawab
numbr,number
tourching,touching
spots,sports
dcpeastdelhi,peaselike
emails,remail
takhat,that
khayali,kehaya
sita,sitar
krishan,Irishman
smt,smut
ansari,ansar
ashirwad,airward
bhawan,chawan
chaudhary,chahar
savita,avital
members,member
ragister,register
btaye,tayer
lakhi,lakie
sarpanch,scranch
madawali,sawali
delivered,undelivered
jaimatadi,matai
respons,response
compalint,compliant
neccassry,necessary
relented,unrelented
aajtak,Batak
costs,cost
nazrin,narine
aslo,aslop
nabi,nab
karim,kauri
bhaga,baga
bsesemployees,employee
lives,live
suman,subman
jul,jurel
finall,finally
fath,faith
khichripur,chichipe
fittings,fitting
accomodation,accommodation
justified,unjustified
qyt,yot
nh,nth
indra,indrawn
chhota,chonta
hasanpur,hasan
farji,far
bheja,bohea
loga,longa
hajar,ajar
tarike,tarlike
jach,ach
precautions,precaution
naiwala,nasial
namber,enamber
paleje,palkee
karwada,kawaka
jada,bajada
clearify,clarify
cc,cuck
flyover,layover
jaibin,jibi
nisha,wisha
totalling,tolling
gururam,gurrah
mla,mola
boht,bot
kehte,skete
badha,banda
garib,gariba
comings,coming
surendra,sundra
exceeded,unexceeded
instlled,uninstilled
properta,property
xtra,extra
alphbet,alphabet
camplained,campane
playstore,plastomere
scamster,seamster
scammed,cammed
navbharat,nacarat
hapening,happening
operations,operation
vindo,vino
compliments,compliment
surriender,surrender
electy,electly
tajinderbagga,standergrass
excuses,excuss
parked,sparked
hmara,matra
paya,praya
huaa,huaca
hmare,mare
vala,valva
jald,tald
lgvaiye,ilvaite
lamps,lampas
dishing,dishling
duping,dumping
onam,ona
sushila,slushily
mohan,moha
changes,change
discussing,discussion
organising,organing
struggles,struggle
chullu,hulu
upaay,upway
kro,karo
badhte,bate
alws,always
brahmpuri,bahur
disco,disc
gaddhe,gadder
khodenge,hodening
rekha,lekha
misbehaved,misbehave
workers,worker
hein,whein
buland,bulwand
irshad,shad
det,duet
grom,groom
wahi,wah
doguna,guna
gae,gaze
addresse,addresser
logon,logion
dalalon,alalonga
badhawa,bandhava
khule,khula
yadi,yad
shikayatvkar,shikasta
jayee,payee
ulte,ule
katne,skate
jayenge,jangle
chedkahnai,chekan
denge,dengue
faults,fault
kareeb,karree
wahh,wah
rahati,ratti
abe,wabe
jhoot,hoot
dusvi,dusio
aaa,aa
pichhle,pitchhole
wakt,wat
bura,bursa
hal,heal
rediculous,ridiculous
amarjeet,amreeta
telephones,telephone
drmonikapant,demonian
rajniwasdelhi,rajaship
bahubali,bubalis
entrie,ventrine
amitshahhmo,smitham
reveryfication,reverification
aana,asana
tarik,tari
nikl,nil
jayegi,jagir
pulast,pulaskite
lelo,velo
badhiya,baniya
julm,ulmo
mlkhattar,mulatta
inquired,inquire
babarpure,abature
subsidary,subsidiary
sheetal,sheet
gouns,grounds
sme,some
halp,whalp
delievering,relieving
erstwhile,erewhile
shirking,unshirking
responsibity,responsibility
harrasing,phrasing
zeenath,zenith
manybtime,haytime
karishma,karsha
kirpiya,kiri
chiye,chyme
dijie,dixie
marne,marine
irada,rada
mamy,mammy
ignoring,inring
jagjeet,geet
noises,noise
giggles,griggles
laughs,laugh
hojata,whata
humare,humate
chetan,hetman
chetak,chitak
bhawna,bohawn
tumhari,mehari
aisi,raisin
taisi,taxis
offsetting,setting
revdis,revise
gokalpur,kapur
directions,direction
nagari,nagara
helped,unhelped
subcidy,subacidly
nepali,Nepali
ghant,hant
kariye,karite
wtsp,wusp
lauded,unlauded
rendered,unrendered
rahulgandhi,heulandite
sadatpur,sandspur
ramkishan,rakish
thnku,think
reghar,rehear
janmashtami,animastic
solutions,solution
pleae,please
clients,client
finds,find
measures,measure
implementing,implement
practices,practice
monitoring,motoring
evaluating,evaluation
identifying,unidentifying
factors,factor
contributing,uncontributing
rates,rate
terms,term
figures,figure
maintaining,maintain
priorities,priorite
aftr,after
murkier,muskie
prevailing,unprevailing
dnd,dand
gotted,grottoed
str,stre
freebie,treebine
mlas,mas
cooperation,operation
liers,pliers
aug,augh
asasp,agasp
nighbour,neighbor
puchna,puna
chahta,chatta
ppac,pac
hisab,hilsa
apko,ako
lahori,Mahori
qutub,utu
ishu,pishu
buht,but
jyda,yday
inverters,inverter
lgta,lota
gardern,garden
govermnement,government
indian,indican
govermnent,government
sucks,shucks
tt,tyt
gpa,gapa
dera,derma
amounts,amount
notifications,notification
du,dux
harreshed,harshweed
checkout,checkup
credited,uncredited
behaved,behave
pachori,pakchoi
approches,approachless
discoursed,discourse
rooms,room
friends,friend
earners,earner
mdc,medic
rply,reply
london,loon
banega,banga
lagte,late
puraane,purslane
zamaane,zaman
yaad,yad
refuses,refuse
vido,video
cancelling,cancelli
hiked,hike
notanki,notan
rewuest,request
verificayion,verification
rok,rook
aligation,ligation
chutiya,hutia
rhai,rehair
yai,yati
milli,mill
bhagat,bhagavat
forwarded,unforwarded
lt,lut
mehesh,mesh
vasaunda,sauna
berkar,bear
thousands,thousand
jst,just
abt,abut
hd,hud
fines,fine
bese,obese
agr,agre
dekhta,lekha
pvt,pivot
taxes,axes
delhigovdigital,radiodigital
downloaded,downlooked
faultrs,faulter
punishing,unpunishing
cooperating,operating
tuch,touch
upgraded,upgrade
ncreased,uncreased
carne,carone
dekhi,dehair
padosi,pasi
ht,hut
hokar,hoar
huah,huh
ajkal,bakal
jal,jarl
deployed,employed
minst,mist
coordinates,ordinate
dtr,dutra
mazar,mazard
vidhansabha,dhanush
aay,away
koy,ko
santosh,stosh
janak,jank
placed,palaced
desu,ides
protocols,protocol
excesses,excess
encleve,enclave
dx,dux
yamunavhr,amunam
del,odel
walkers,walker
dropped,undropped
answr,answer
givn,given
nmbr,number
isproblem,problem
ise,wise
funda,fundal
pehale,rehale
abhishek,abhiseka
suryavanshi,surfmanship
daly,dally
bess,bless
answers,answer
spam,spasm
diff,differ
cr,cur
shes,shies
bahr,bahur
lgi,li
khrab,shrab
hthaye,thyme
chalu,chal
att,watt
gobind,goblin
aarahi,arachin
paltforms,platform
kah,kyah
samg,sam
dekhe,dekle
esa,pesa
kase,ukase
afte,after
hiding,hilding
cno,no
experiences,experience
happeing,happening
mpgautamgambhir,patamar
ivinodbachheti,vinoacetous
jobs,job
uddhav,Buddha
tripathi,tripart
oro,toro
diye,dye
pase,prase
bataea,batea
staffs,staff
speedup,speed
invoicing,unvoicing
virander,viander
bhuswhan,bushland
staus,status
kendra,kendyr
aksing,waking
contacte,contact
domes,dome
rounds,grounds
concocted,unconcocted
disst,diss
supplies,supplier
killed,skilled
walo,alo
naamo,naam
nishan,shan
occurred,occurrent
faces,fauces
proud,roud
bahadur,bahur
nanwa,nana
kh,khu
died,dried
hed,shed
gov,gove
dil,dirl
shashi,shahi
dabral,labral
wada,wadna
daaru,dalar
bechte,obeche
kudh,kudu
peene,peenge
ussi,Jussi
nashe,nash
needfull,needfully
jise,wise
sabhi,spahi
angles,angle
khana,khanda
csr,caser
forms,form
kcc,
processing,procession
cahnge,change
subitemmd,subitem
rikwa,rinka
nctdelhi,encitadel
kmla,kamala
mrket,market
ofice,office
jeena,keena
haram,harm
sone,stone
hmm,hammy
payenge,payee
karenge,kreng
jhuthe,jute
kasme,kasm
wado,wad
passes,passe
fullfill,fulfill
stating,starting
althought,although
shit,shita
primises,promise
servive,supervive
reapplied,reapplier
overloaded,overload
fille,fillet
chaiya,chaitya
karana,kerana
hn,hin
mter,moter
bolta,bota
rakesh,rakish
implements,implement
remaining,unremaining
cotact,contact
usme,use
saaf,saraf
bihar,zihar
phool,pool
facts,fact
samaspur,sandspur
resumes,resume
ghazipur,ghazi
akshardham,Mitakshara
difficulties,difficultness
khuli,khula
gardee,gardeen
sm,sum
followup,follow
colont,colon
chances,chance
shortcircuit,circuit
reacts,react
kailash,kilah
bhuda,buda
distt,distort
thak,thank
fenkte,fenter
paye,payer
gernal,genal
reminders,reminder
chect,cathect
bullshit,bullit
sumbuteed,subulated
answered,unanswered
persistant,persistent
habits,habitus
digamber,dimber
scanned,canned
representatives,representative
mam,marm
english,unenglish
enteres,enterer
depositing,deposition
eventhough,entrough
badiy,beadily
itney,witney
jish,jokish
focas,focus
karey,key
chota,chonta
chinta,chint
meetar,mettar
boox,box
waha,wha
bb,ebb
itll,ill
bharat,bhara
sadao,sado
items,item
delh,odel
harrassing,harassingly
harrassment,harassment
discusting,disgusting
pg,pug
eyes,yes
bhim,him
isstill,instill
bundles,bundle
raman,ragman
upde,uptide
cooy,coony
leass,less
pagal,plagal
kittens,kitten
interests,interest
theofficialsbi,official
sbi,si
sys,stays
transc,transect
transfd,transude
jaega,jagua
dekhene,ethene
insan,inspan
majburi,mabi
samjhe,samh
jld,julid
preshaan,presharpen
jafrabad,araba
thier,tier
timepass,impasse
stil,stilt
cercle,covercle
hundreds,hundred
sless,sess
thr,thro
yojna,yojana
pre,pyre
easly,measly
differs,differ
rooj,roto
sunwai,sunway
amal,ramal
offc,off
quoted,quote
softcopy,isotopy
highlighted,highlight
prateek,prate
shuru,shurf
brahampuri,Abrahamic
saket,sake
puchne,puce
koii,oii
vha,ha
hogyi,shogi
rewdi,rewin
baant,bant
fayda,Mayda
disrupts,disrupt
denying,denyingly
ends,mends
lldown,pulldown
prashant,rasant
storey,strey
tatapower,tower
sudhir,studier
compln,complin
circut,circuit
kisse,kisser
sampark,seamark
kru,okrug
krwaye,rewayle
usages,usage
ensuring,enduring
hira,hia
managalam,mangal
avoided,voided
chk,chyak
fails,fils
comple,compole
spectators,spectator
helps,help
julne,june
adikari,bandikai
dubara,durbar
humse,huse
engle,englobe
hamre,hare
mohammad,Mohammad
chnage,chainage
kwatt,watt
noreply,reply
ambey,ambery
hopping,whopping
trendency,tendency
mukhyamantri,myomantic
btaoge,brutage
jinka,jink
zada,zad
vikram,Bikram
ghanteshwar,antewar
neel,newel
hansraj,hansa
au,vau
aagya,amaga
departments,department
kahte,skate
bhr,buhr
jayege,jaeger
ssakta,satan
batya,baya
jauu,juju
mager,meager
pauuga,paga
nng,nanga
enorcment,enforcement
insatall,install
kismain,kinsman
bhejea,bohea
resltion,resolution
kamlesh,kayles
dtd,doted
faciltilator,facilitator
surender,surrender
grainter,granter
teamprory,teapoy
sincce,since
krdia,redia
onyvr,oneyer
nawabuddin,wadding
writes,write
joined,jointed
bots,boots
failures,failure
surya,sura
nepal,neal
jitender,intender
saini,sain
applicantion,application
nathi,gnathic
santar,sanitary
farat,frat
sounded,unsounded
delivering,diverting
darj,dar
itana,tana
chahiyae,chaitya
rashid,rash
delihitian,delighting
rajender,render
kamayani,Damayanti
shridhar,Sridhar
tiwari,tiar
sulema,ulema
karkardoom,darkroom
decreased,decrease
barunga,barauna
rahenge,range
noo,noop
employe,employer
bildingdepartment,department
pickpocketing,pickpocket
jagograhakjago,Hagiographa
confidencial,confidential
wites,witess
kamaal,kambal
sc,soc
announced,announce
interruptions,interruption
investigated,investigate
maligned,unmaligned
aakriti,prakriti
buildings,building
katauti,tautit
sheila,shela
bharatbillpay,barilla
sunce,sune
responses,response
manmani,amani
gayee,payee
kalimasjid,masjid
commissionerdelhipolice,commissionership
pleaseget,please
sanjay,sanjak
shalimar,shalwar
lagwana,lagna
pataye,paty
fazalpur,failure
mishaps,mishap
aeap,aheap
logs,longs
continous,continuous
anju,anus
providethe,provident
ajanta,anta
sawarkar,sarkar
parts,part
pravesh,ravenish
intzaar,qintar
loced,locked
consaff,cowlstaff
anylate,arylate
enquiring,unenquiring
happenning,happening
pno,pino
jameen,ameen
kiski,kiki
gadiya,gladify
rehti,retip
jaam,jam
lagati,plagate
syphoning,symphonion
pockets,pocket
krw,row
arra,sarra
begining,beginning
deadlines,deadliness
natwa,ratwa
satyawati,satyagrahi
raaat,rabat
aas,alas
plsss,plass
omg,om
frwrding,forwarding
complint,compliant
macha,machar
hafte,hafter
clearity,clarity
knws,news
nhai,unhair
ghatiya,ghastily
rajneeti,aneretic
parishan,partisan
ese,yese
hadap,headcap
increases,increase
arshad,varsha
zubair,Izdubar
sibghatullah,sightful
froud,roud
bharne,barney
khambo,kamboh
unka,ungka
kiyonki,kiyi
inki,ink
forgets,forget
rectifying,retying
revising,reviving
ages,wages
hirdensh,Ghiordes
narula,arcula
bihari,Bihari
probem,problem
babys,baby
routines,routine
nikal,nival
rhaka,rakan
pahle,pale
gyan,geyan
bdawa,daw
bbps,bebop
trns,turns
rajndr,randir
sourabh,surah
emergeny,emergency
ggonda,gonidia
girls,girl
rusted,rustred
cementing,cementin
sneha,usnea
humara,hura
bimar,bismar
susidy,subsidy
navin,nain
dikt,dit
whatspp,whats
tenants,tenant
disturbances,disturbance
chhatarpur,chhatri
padhe,spade
likhe,like
tirlok,tirl
aayege,payee
suggestions,suggestion
divya,diva
nandnagri,nandi
pawan,pawn
dined,dine
vc,vice
manojtiwarimp,antiwar
viahr,vicar
bhajanpuara,bhandar
cuted,cutted
dat,drat
khursheed,harshweed
raises,raise
impacts,impact
prioritize,priorite
shahida,shahi
moonga,poonga
acs,as
stops,tops
fullfil,fulfill
walls,wall
traces,trace
bsesdelhibsesdelhi,
chdck,chuck
expectations,expectation
jagha,agha
badalte,basaltes
rahte,rate
purne,purine
fark,far
navniti,navite
bsesdel,bedel
morethan,urethan
cl,col
utha,uta
behinf,behint
steet,street
wea,weta
delegates,delegate
hangs,Changos
orn,worn
suffers,snuffers
nhn,unhung
likhta,litra
huye,hue
lips,clips
clueless,cliqueless
designs,design
duphar,kuphar
bahot,baht
preshaani,preship
sounds,swounds
speaks,speak
vishwa,visa
aadmi,admi
krta,kra
nind,nid
gorakh,rakh
galin,gaulin
vechice,vehicle
jeeplease,ewelease
regist,registry
persisted,persister
sarojani,saronic
buying,busying
disputed,dispute
wonders,wonder
tilll,till
tq,t
shivanjali,shrinal
alot,aloft
ghati,ghatti
evenings,evening
hampered,unhampered
kri,kori
kaffi,kaffir
samna,stamina
karamchari,aracari
bahoot,bahoo
pereshani,prefreshman
dopaher,doper
dave,djave
karoge,karo
regarpura,rearray
highlighting,highlight
matters,matter
baut,bauta
prasan,pasan
apsa,capsa
mesage,message
dissconnection,disconnection
responsiblity,responsibility
documnts,document
dissconection,disconnection
hardevpuri,harder
shadhra,shadrach
supports,support
minite,miniate
metter,meter
gir,girt
andhera,sandheat
kaafi,kapai
rhta,rota
nuksaan,Tusayan
zimmedaar,zimme
refigiretor,refrigerator
deports,deport
prc,prick
wrkng,working
requires,require
attempts,attempt
ajit,ait
rejections,rejection
puts,put
reviewed,unreviewed
copying,coping
hopes,hope
jiska,visa
lagaye,plagate
padi,pad
sakti,shakti
jimmedaar,immedial
hm,ohm
hmre,mure
leti,laeti
ispe,risper
kisubsidy,subsidy
bangaya,banya
srivastava,survivalist
compromised,compromise
nedfull,needfully
dinesh,nesh
indira,Andira
recd,red
adchan,shadchan
pahargunj,pamphagous
karkdoma,karma
heyy,hey
orientel,oriently
cghs,ghost
duse,dulse
rivist,rist
leye,lye
scamer,scamper
cabnumber,number
mtrs,matris
khod,hod
ghra,gra
khuda,kohua
jaha,jatha
akal,bakal
sada,sad
custumer,coustumier
ans,sans
identified,unidentified
patterns,pattern
undersigned,undesigned
kinda,kind
pumps,plumps
overcharged,overcharge
garneted,garreted
everthing,everything
bsesconsumershurting,seascouting
peechle,peele
airnewsalerts,linewalker
timesnow,times
timesofindia,trimesinic
delhiindark,delphinin
paungi,pungi
otps,wots
industries,industrious
hinga,hing
compared,compare
conducts,conductus
adjustments,adjustment
sumitra,sumatra
arindam,sarinda
commentme,commenter
comleted,complected
belowerror,bellower
shijauddin,shading
kawaab,kawaka
dukaan,dukhn
khulti,kusti
zaruri,arui
fssai,fossa
licence,lucence
tariqe,tarie
creeps,creep
sq,shoq
yd,yed
partitions,partition
relatives,relative
holidays,holiday
mahina,machinal
amazon,Amazon
zomato,tomato
sarkari,sarkar
latke,late
lol,loll
odisha,oldish
orer,porer
contractions,contraction
connectionsstill,connectional
onkwr,onward
syed,yed
asad,sad
aslam,slam
bsesscam,sesame
grievances,grievance
crewl,crewel
animals,animal
aviod,avid
anybfuture,antefuture
incidents,incident
systems,system
gokulpuri,sulphuric
rushda,rushed
btw,two
fined,finned
servival,survival
hazar,hazard
misbehaviour,misbehavior
amit,amity
ps,pus
dharamshila,dharmsala
satt,sat
bhout,bout
communications,communication
discussions,discussion
thasildar,tehsildar
cheak,chekmak
verfied,overfed
comepleted,complected
vahi,avahi
dikha,dika
dilshaad,distad
thanxx,than
hadsaa,handsaw
khelte,kelter
hanuman,hangman
agian,Magian
bindu,bind
gati,gat
ishwar,dishwater
evry,every
ln,lin
vashistha,shisham
procceed,proceed
dusibdelhi,didelphid
gayegi,aegis
unlogo,unloop
banwa,baniwa
tabhi,tahin
tel,telt
immediatehow,immediate
entered,centered
captcha,capicha
ceos,cos
defending,undefending
uncooperative,unoperative
meera,meerkat
conection,convection
asvp,asp
pkease,please
aand,aland
kadam,bokadam
kyou,you
proceeded,proceeder
naresh,nares
buildind,building
salo,salvo
purani,puranic
lgaaya,playa
jiss,wiss
lagaya,langaha
frauds,fraud
jagah,jagua
vajah,vajra
dpcc,upcock
jarrurat,jurat
kholna,kona
hataya,haya
pucha,punch
intrested,interested
ignoreing,inring
deea,dee
tema,tmema
reslove,relove
discom,discommon
disposing,disposingly
virefy,virtuefy
mantain,maintain
roads,road
dtc,dutch
khandelwal,khanda
feelong,feeling
dp,dup
arunbhartis,archartist
reaolve,reabsolve
whastapo,whata
ndpl,underply
elwhy,why
qith,quitch
believes,believe
becoz,coz
imposed,impose
kiske,kike
points,point
basked,based
panchsheel,spancel
earned,learned
konse,onset
complaimt,complaint
feol,feodal
befroe,befret
minuts,minus
kere,skere
hawa,haw
tkb,tub
abale,bale
brwwrh,burrah
propplye,popply
likhi,lithi
banaen,banyan
batayenge,boatage
kanhaiya,kehaya
oct,ocht
todays,today
payablebill,payable
aarha,artha
dekhaya,kehaya
humhe,humph
kiska,kiswa
progressing,progression
hmne,hymner
alg,alga
dhmki,moki
jun,junt
mili,mil
anisha,vanish
khatoon,khahoon
bipin,lipin
vinay,viny
jarurat,jurat
bse,bose
veh,eh
sakthe,swathe
ajay,jay
kalpana,kalipaya
awasthi,awash
depsoit,deposit
bael,batel
overlapping,overlipping
surajmal,subrameal
hom,whom
karunga,kanga
dusib,dusio
electricy,electric
kamarsal,marshal
pichhe,pinche
batao,patao
jha,ha
gharelu,harmel
dobara,dobra
aayega,yerga
dege,deg
unke,unkey
tahipur,thir
gagan,gagman
resloved,resolved
domistic,domitic
tourtring,torturing
cowdung,cowhiding
complaince,complaisance
nmber,number
kahani,Nahani
choro,choryos
slo,solo
conveyed,unconveyed
reverfication,reverification
prenises,preses
rejectedforwhichwesubmittedtheexitingmeterremovalundertakingtothedivision,
laod,lod
dusri,dusio
bolun,boun
paresan,pasan
affairs,affair
addess,laddess
karbala,karela
bans,banns
arising,rising
rquesting,queesting
owners,owner
kotla,kola
flor,fluor
bne,bone
chlte,cholate
rakhe,rakh
karyvahi,avahi
aut,taut
roki,roi
miscellanding,miscellanarian
manth,math
lagatar,legatary
headcop,headcap
navratri,narratrix
amishra,misura
paani,paganic
chalani,chalana
yamunapower,unpower
narayani,Carayan
kranti,rant
parsad,parado
rajnish,rankish
rathore,rathole
opens,open
mukherjee,usherette
asks,askos
rejeact,reject
khambe,hamble
jhund,hundi
faki,fakir
hogya,hoga
jldi,soldi
krae,kra
rajksinghindia,Tanghinia
demolished,undemolished
paved,pave
ablock,gablock
occurring,unoccurring
generat,generate
achanak,chank
dairect,direct
truecaller,truller
scammer,sammer
problme,problem
cs,cos
ns,ons
isuue,issue
reloved,relove
defeciency,deficiency
exists,exist
ummed,summed
kami,kamik
btate,tate
ghush,ghrush
jayeda,jaseyed
vjha,vijao
khuleaam,khula
ghuskhori,husho
lagwane,lagan
bhatkate,hastate
hoke,thoke
dunga,dung
rquest,request
adddress,address
outlining,footlining
privatisation,reprivatization
improved,improve
dipawali,dikamali
credentials,credential
hudge,huge
rajan,raja
pashan,pasha
thieves,thieve
jahan,yahan
fas,fast
girne,girn
qun,quin
jagenge,sagene
milegi,midleg
represents,represent
slangs,slang
mhine,mine
paarha,para
krrha,kra
uspar,unspar
jaarha,jara
kisrpiya,kisra
msgs,muss
vashudhra,Vasundhara
seemapuri,semiputrid
sagar,sangar
elelctricity,electricity
sd,sud
sld,suld
completing,completion
chlqo,chlor
buzurg,burg
lqdy,lady
kq,q
icu,ichu
genrated,gerated
fyr,fyrd
communicated,communicate
ramnagar,amaga
listings,listing
ashram,shram
fraudsters,roadster
comers,comes
emcd,emyd
madem,made
redident,redient
vibhag,bhang
comercial,commercial
demund,demand
karein,kadein
dcshahsouth,chauth
delhijalboard,teaboard
cvcindia,accidia
bhagwati,bhagavat
esmart,smart
madhuban,mahuang
kamran,amhran
diwali,dialin
beses,bees
duj,dujan
khatm,khat
karva,kava
lijiye,linje
jaiye,jay
aakar,takar
vishnu,Vishnu
dutt,putt
teliyan,telyn
tilak,tilaka
impaired,unimpaired
encl,pencil
awaaz,awa
hazara,hazard
baaki,banak
rahein,rhein
raji,raj
usper,user
bgel,bagel
gher,her
senction,sencion
appliedbfor,applier
paliwal,pallial
butvstill,unstill
tommorow,tomorrow
festiwal,festival
morr,mor
didn,didnt
bjp,jap
ll,ull
doesn,doesnt
dn,dun
isn,hisn
basisi,basis
commuters,commuter
nirbey,tibey
grahp,grasp
surfing,surfacing
hoping,hooping
firoz,froze
chok,chowk
tje,te
generates,generate
thefts,theft
karkarduma,tartarum
murti,muriti
tohar,thar
andera,Panderma
fiya,fiat
autmeri,uteri
kaushal,kusha
deepawali,deeplier
patwal,pratal
aaaj,waapa
toda,today
andere,wanderer
manau,mana
galti,galt
kamjor,amor
tumhre,tume
reder,render
kisko,kiosk
dosi,dosis
kehe,kechel
surcharges,surcharge
waseem,wase
bsee,besee
closes,close
steals,steal
caters,cater
guides,guide
parvin,parvolin
reaches,reachless
sponse,response
sirji,sirki
guiese,guise
frod,frond
cheter,chester
pleaase,please
products,product
encluded,secluded
andfuetuate,adequate
merer,merger
appl,apply
urmila,uremia
technicians,technician
lagwa,plaga
december,December
falls,fall
hampering,hammering
tiles,tile
bawjud,bawd
kage,age
accha,Saccha
woh,wo
abhee,albee
cfr,fur
naseema,nausea
sarfaraz,farfara
completly,completely
areamy,reamy
stretches,stretcher
pushta,push
docomets,dooms
reather,wreather
statment,statement
eg,teg
smc,sumac
aadhaar,adhaka
privious,previous
cpmgdelhi,pimelic
cityspzone,cityscape
shahjanabad,toshakhana
ght,ghat
ss,ssu
aabi,awabi
parkash,parkish
garg,gar
pusa,pus
chura,chuhra
crimes,crime
jankari,jangkar
options,option
sukoon,soon
rahne,rane
breathinh,breathing
looped,unlooped
verifiction,verification
nagaa,nagara
khilwal,khilat
aise,waise
attending,attendingly
kast,karst
saharanpur,haranguer
mapped,unmapped
wnt,wont
undrstand,understand
evrybdy,everybody
sf,surf
sicret,silcrete
fearness,farness
challenged,challenge
letters,letter
rechecking,recheck
sarkaari,sarkar
websites,webster
kirayedar,rayed
nithallapan,antithalian
ses,sess
states,state
intimated,intimate
origii,origin
survivors,survivor
deeds,deed
containing,constraining
pages,page
graphs,graph
challenging,unchallenging
kashyap,Kashyapa
commissioning,commission
operated,operate
logd,log
lawyers,lawyer
dalal,salal
khusboo,huso
hathway,hatchway
jio,jo
mohsin,myosin
akhter,yachter
saath,sagathy
nala,nabla
complainants,complainant
sawaal,sawali
sawal,sawali
arnge,carnage
biling,boiling
brib,bribe
amd,amid
tasks,tass
suo,so
motu,mou
regretting,unregretting
townhall,tonally
hamen,hame
kata,katha
aadhar,adharma
jalane,alkane
kehta,keta
jala,jalap
signatures,signature
proofs,proof
roudly,roundly
ukamla,kamala
provisnal,provisional
akela,Takelma
bulakar,bulak
sudha,sud
bhagwat,bhagavat
games,game
distrupted,undisrupted
majid,masjid
rajni,rani
connecction,connection
affdavit,affidavit
harrseing,harrowing
mistakes,mistake
couldnt,wouldnt
kalra,kala
hargobind,paraglobin
acknowledging,unacknowledging
diwan,dian
daala,dayal
sthanak,thank
mey,meny
remembering,unremembering
mahidedha,maidenhead
mixhousing,mousing
aapane,papane
vah,ah
unse,unuse
shalu,shallu
galk,gal
arroung,sarong
poochh,pooch
pernson,person
arrangements,arrangement
cctvs,Acts
childrens,childridden
una,urna
adhered,adhere
pricedures,procedure
callback,fallback
keshav,reshave
metor,meteor
parents,parent
zakir,fakir
vaibhav,vakia
patpar,pata
regar,regard
lothian,orthian
kashmeer,kasher
gpo,gapo
decades,decade
christmas,Christmas
deprived,derived
bhee,bee
eak,weak
huwa,phulwa
pakadna,padnag
bharastachar,haratch
dekar,dear
merai,mermaid
lagwaya,logway
wirings,wiring
jodkar,vodka
dusro,duro
bheekh,beek
maangkar,malanga
tunki,tunk
rehna,renal
humein,humin
humpar,hump
daya,dayal
landlords,landlord
rishabh,riksha
krishnapal,trishna
makes,make
chores,choreus
thorugh,thorough
whastap,whata
whitch,witch
agin,algin
amout,amount
programme,programmer
harnarain,herniarin
gokalchand,goatland
mobail,mobile
badwana,badan
karwre,karwar
saku,shaku
jaada,jangada
nikla,nikau
appears,appear
nbtdilli,dilli
picks,pricks
kyunki,kunk
infocement,reinforcement
inhen,linen
fatak,fatal
galoth,galuth
hra,hura
consists,consist
thk,th
likhdiya,lithia
mzhe,maze
chawari,chakari
unko,bunko
sanstion,scansion
simce,sime
khi,khir
inpar,minar
milga,mila
phle,phyle
isnt,ist
responsblity,responsibility
rrsponsble,irresponsible
ahve,Jahve
humilating,humiliating
bataye,beatae
quater,quaters
fillup,illupi
banna,banana
yu,yus
leker,lecker
aau,aa
lagwado,rasgado
reflects,reflect
immedailatly,immediately
barkat,brat
parasan,parasang
inse,rinse
noor,nor
dec,deck
lian,liwan
inspecation,inspection
hoisehold,household
signed,unsigned
diapute,dispute
gpay,pay
performed,unperformed
noticing,unnoticing
whloe,whose
maujour,major
mrs,morse
jaspreet,spret
banwane,awane
hellow,hello
exposing,posing
paul,pasul
fastest,fastness
electicity,electricity
thand,than
katta,atta
insists,insist
kaur,kauri
dismissing,dismissingly
rcvng,roving
sitara,sitar
resulted,result
mno,mono
banwaya,banya
aqeel,aweel
ahmed,ashamed
kiran,kran
varinder,varier
continuesly,continuedly
breakdowns,breakdown
urjently,urgently
esclation,scalation
esclate,escalate
pahuncha,paunch
impressed,unimpressed
hori,houri
risks,risk
shutters,shutter
awiated,radiated
ispar,spar
lagne,lane
lakh,lak
sply,splay
discontd,discount
neithr,neither
prvided,provided
msgd,mysid
provde,provide
ws,wis
immdt,immit
incharge,uncharge
lockdown,knockdown
desks,dess
organisational,organizational
dipika,pika
inaugurated,inaugurate
punjabi,Punjabi
basti,bast
pran,pyran
pratishtha,prastha
meets,meet
automated,automat
powerr,power
occassion,occasion
kilowatts,kilowatt
gaian,gain
chah,hah
repairs,repair
elecricity,electricity
billl,bill
vashundra,sundra
jaynge,jangle
lalitapark,airpark
ravinder,ravine
catgeory,category
huyi,huia
abjle,able
neighbours,neighbor
krdi,kori
pharganj,pargana
representavite,representativity
uppar,uppard
onlin,oenolin
areya,area
temprature,temperature
chapa,chapah
jimmedari,immerit
deri,dheri
nahar,navar
mach,match
delhites,adelite
lagate,plagate
aara,afara
padchim,apachism
movements,movement
involving,unrevolving
hazards,hazard
ranjit,Ranjit
maintanence,maintenance
bhajan,bajan
baari,bari
abaj,aba
dekr,decker
saira,sair
bano,beano
tanish,tarnish
incl,tincal
peeke,peek
baitha,baith
huts,hut
gharoli,paroli
jublee,jubilee
chwok,hawok
anoop,noop
nitin,unition
dialled,diallel
texting,testing
remembered,unremembered
dairydelhi,didelphid
prshant,shant
babita,barbital
rajkumar,trauma
iinto,into
dicontinue,discontinue
campaigns,campaign
giasuddin,gliadin
mansoor,manso
karimuddin,ridding
prosess,prosiness
imejetlly,meetly
lightl,lightly
jakhira,khirka
anar,ansar
kinari,kintar
biker,bilker
jamshed,campshed
alam,alarm
seals,seal
poorservice,overservice
karane,karate
illigally,illegally
norms,norm
argued,argue
bsesyamunapowerlimited,unpermitted
icard,Picard
triveni,thriven
unnecearrily,unnecessarily
greasing,grassing
palms,palmus
abi,mabi
sirs,siris
sreshth,reshut
annexed,unannexed
shocks,shock
sparkes,sparks
blasts,blast
sreshthanand,siestaland
sachinguptaup,snatching
reads,read
disconnet,disconnect
kwnpc,kwan
violating,violation
urving,unroving
theyclaim,thecla
onlistening,unlistening
farida,farina
wasim,aswim
dharamshala,dharmsala
infmd,informed
formlty,formality
rejec,reject
evng,vang
listens,listen
flaws,flaw
joharipur,jodhpurs
extnshahdara,bethabara
pedestrians,pedestrian
dhamaka,dharmakaya
jawaab,jawab
dsy,sudsy
dilayo,dilo
pettion,petition
disconnetion,disconnection
elecritcity,electricity
mohmaad,moha
aznaan,Danaan
garvit,grit
lagyi,langi
sbs,scobs
prahlad,pholad
needfly,needly
revart,revert
humongous,humorous
sunvayi,unvain
diconnection,disconnection
lifts,lift
multistotey,multistory
motiakhan,tarkhan
byp,by
lacks,lack
ekbaar,baar
kondali,koali
attempting,unattempting
results,result
voilation,volation
harasment,harassment
bsese,sense
flithy,lithy
lines,line
hindi,hind
sambhandh,samadh
generations,generation
resealed,revealed
parkar,parka
mama,mamma
batarahi,batara
ajmal,ramal
dijiy,dimity
khmba,shamba
girta,girt
bccha,bacchar
mugs,mug
startindex,staurotide
larger,large
buddha,buddhi
tirlokpuri,troparia
kise,kisser
durghatna,durgan
jimdar,jemadar
dhanyawad,hayward
htds,whits
khda,khanda
rasta,rata
suport,support
dangours,dangerous
lana,liana
motee,mote
jisase,misease
nisjpakshta,antispast
tatha,tath
ksren,siren
tathyon,tatchy
bekhof,behoof
bhrashtachaar,brahmachari
sunil,sunnily
screenshots,screenless
yunhi,unhit
ghuma,human
shivpuri,hippurid
saamne,sane
waali,wali
badlav,bandala
karvana,kerana
krvana,kerana
chahte,choate
btaiye,butadiyne
offs,off
remarks,remark
drdo,redo
metacafe,metaclase
kashmiri,Kashmiri
childres,childe
mishappenigs,mishappen
sombazar,sombre
ito,nito
reten,retent
yamana,yamanai
alongwith,longish
llegal,illegal
massages,massage
mobiles,moiles
deat,derat
tangled,tangle
damki,damie
aate,alate
bhopal,opal
bzr,zer
ruining,running
jitne,jitney
trh,trah
jaou,jouk
dhang,dhan
jaise,waise
leater,pleater
samsya,saya
donon,donjon
galiyan,regalian
onstalled,unstalled
voilated,monilated
guidelines,guideline
nizamuddin,nizamut
investigatimg,investigating
takong,taking
connecrion,connection
basment,basement
plis,polis
hon,thon
ble,bole
connectionhas,connectional
cgrf,corf
myvthis,mythist
corription,corruption
gmail,mail
dmrc,marc
malafide,malaise
arjent,arent
rajendr,Rajendra
pv,v
chahie,chaise
temparay,templary
esme,eme
bhe,he
nathu,snath
gadi,gadid
batayi,bantay
jabtak,nabak
karwayi,karwar
bachho,baho
aab,haab
sindhipark,dispark
oldrajindernagar,Volkerwanderung
avoids,avoid
builders,builder
instances,instance
jabi,jabia
walon,walloon
dhundh,hunh
kahin,kachin
padegi,pardesi
cmdelhikejriwal,delthyrial
palour,palouser
saftey,shafty
transformers,transformer
narrated,narrate
brpl,burp
tarlok,tarok
vashisht,hashish
prabhakar,abkar
constructing,construction
discounted,undiscounted
ritu,rit
karawalnagar,aracanga
coincides,coincide
prayers,prayer
khichdipur,chichipe
girdhar,jagirdar
harash,harsh
yiur,yurt
max,maux
metering,entering
behaind,behind
ritz,ritzy
ledis,lewis
videocon,video
jisne,visne
lajwab,nawab
netmetering,unlettering
electricirty,electricity
avoiding,voiding
floo,floor
connecyion,connection
shakkar,shikar
rcc,reccy
qutab,quab
bajar,baar
nomber,omber
jansuvidh,jassid
harrased,arrased
bites,bite
metr,metra
normalised,normalize
lpsc,slops
taylor,tailor
corruotion,corruption
bprevent,prevent
mata,matta
dikh,disk
chhote,choate
lagakar,laggar
deus,decus
dtptraffic,traffic
closing,losing
resolutions,resolution
anu,anus
wishes,wishness
kodia,koda
omex,tome
berricade,barricade
safty,shafty
disterbing,disturbing
mahesh,mathes
emp,temp
reconnected,reconnect
minds,mind
playstr,plaster
scheduling,schelling
cybercrime,becrime
lska,polska
thnaks,thanks
resime,retime
boys,boy
pire,spire
arctet,artlet
electricitiy,electricity
kebal,ketal
complainon,complain
kirpa,skirp
politicians,politician
beja,bejan
bolkar,bolar
lau,laur
described,describe
fedup,feu
objected,unobjected
pathanpura,Ephthianura
chajjupur,cajuput
powecut,precut
sarita,tsaritza
aari,ajari
rhae,rhe
mari,marli
saza,saa
mujko,moujik
sunvai,unvain
ineh,wine
dusare,usar
wazirabad,waird
taron,tarpon
khakar,kakar
bsesbypl,besplit
basei,base
screensort,screenwork
thoda,today
jhukab,jutka
susbcidy,subacidly
kardeti,kadein
badmash,budmash
chup,chump
kpgbjp,kapp
drharshvardhan,Harvardian
sabolil,aboil
demend,emend
inspected,insected
videography,ideography
gives,give
pahadganj,pagan
ndtv,mandative
chupane,uplane
barat,brat
akar,takar
mehfil,meril
markey,markedly
chalan,chalana
ghumakar,guaka
grahakon,rhason
bevkuf,bevue
tranformer,transformer
deptt,depth
volte,volute
pakka,yakka
mushkil,mushily
jago,jag
eid,Seid
branches,branchless
tadap,dadap
dhamkane,daman
koshish,shish
aakhe,awake
rahung,rehung
manufacturing,premanufacturing
donw,dow
pareshaniyan,parthenian
adhikariyon,dikaryon
lbd,lobed
kalyanvas,galanas
upbhoktaon,photon
janm,jam
sidha,sidth
adhikar,shikar
forgergery,forgery
tweeting,teeting
pwer,power
ghumane,humane
deni,denim
hera,herma
feri,ferri
machayi,machi
niklta,nokta
dhamki,hami
bhejo,subhero
couldn,could
committing,uncommitting
lalit,alit
pratik,rastik
saindu,sind
bhugtan,bugan
coustmer,coustumier
anjaan,anjan
vinti,vint
pachta,pachak
mausam,masa
pankhe,pank
adhe,sadhe
chalaya,chalaza
jaata,jagrata
billi,bill
phoned,phone
deepak,depark
kant,kanat
haider,hider
elections,election
bricks,brick
gargi,argil
chokha,chouka
loght,owght
connects,connect
tayyab,tayra
ecs,es
queries,querist
schemes,scheme
choti,hoti
kerwana,kerana
lagti,langi
elecrtricity,electricity
behcoof,behoof
banatay,bantay
gantay,ganta
challenges,challenge
bajrang,bajra
nanhey,nane
uttam,gutta
dwarka,wark
threads,thread
surinder,sunder
aaid,apaid
hatata,chatta
recive,receive
jumped,jumpseed
sangatrashan,Langshan
taklif,tali
natak,nataka
reponse,response
reuploading,roading
offers,offer
tricks,tricksy
ts,tst
padam,popadam
mintues,minus
vya,ya
releases,release
releasing,unreleasing
disconnects,disconnect
thetotal,teetotal
oflast,oast
thebill,henbill
havesent,havent
gharon,Sharon
faltu,fault
bhavishya,chavish
apriya,aporia
ghatna,whatna
ske,soke
mohammadi,muhammadi
offered,goffered
labrotary,rotary
ramu,ramus
laat,lat
inclining,uninclining
indl,indyl
dishonesty,dishonestly
mannual,manual
undergarments,undergarment
samaan,saman
andr,and
encrochment,encroachment
trha,tra
sharif,sarif
rizvi,trivia
chawla,chawl
sachdeva,sheva
ngar,nar
writern,writer
degrees,degree
arrenge,arrange
presnol,resinol
outag,outage
satya,saya
meena,melena
isvsachin,isosaccharin
aadarsh,dash
protected,unprotected
addres,addrest
kasana,asana
krege,regle
raazi,razzia
resolv,resolve
registrered,registered
hang,whang
impersonating,impersonation
jitar,titar
aunty,vaunty
markr,marker
sadi,sadic
zinda,pinda
ple,pule
vicule,vesicule
allerdy,gallery
registerd,registered
nr,nor
varunvihar,varnisher
feet,freet
kinldy,kinkly
bagal,baga
nigam,nizam
parshad,pasha
rul,rull
drma,drama
celebrating,uncelebrating
puting,pouting
delhiites,delphinite
eraning,ranting
som,swom
garh,garth
jaghran,arghan
veryy,very
aftter,atter
kardia,cardia
pese,peste
kathputli,kaput
isbt,ist
andher,zander
choupat,choup
pergpa,pega
kanwar,karwar
rhie,rhine
exess,excess
telecom,telecode
akad,aka
utar,untar
jaaygi,jagir
shafiq,ashrafi
jaayr,jay
shakar,shikar
shivam,siva
staircases,staircase
spaces,space
silve,silver
hme,home
british,brightish
relations,relation
shaheed,sheathed
rajguru,crajuru
abhimanyu,labiomancy
audama,adamas
chaturvedi,hatred
qhy,why
bsesyamunavihar,semuncia
